"","Condition","Light_status","Mean","SEM"
"1","wt","Day",8550.69827586207,625.467497125046
"2","wt","Night",1639.41379310345,199.365795676731
