LD_DD,mean,sum,std,sem
DD,1623.3620689655172,188310,1307.7860109264102,121.4248827810987
LD,8566.75,993743,3809.6819880404714,353.7200925580993
